<?xml version="1.0" encoding="UTF-8" standalone="no"?><!DOCTYPE article PUBLIC "-//NLM//DTD JATS (Z39.96) Journal Publishing DTD v1.3 20210610//EN" "JATS-journalpublishing1-3.dtd">
<article xmlns:ali="http://www.niso.org/schemas/ali/1.0/" xmlns:mml="http://www.w3.org/1998/Math/MathML" xmlns:xlink="http://www.w3.org/1999/xlink" xmlns:xsi="http://www.w3.org/2001/XMLSchema-instance" article-type="research-article" dtd-version="1.3" xml:lang="en"><front><journal-meta><journal-id journal-id-type="publisher-id">sst</journal-id><journal-id journal-id-type="coden">SSTEET</journal-id><journal-title-group><journal-title>Semiconductor Science and Technology</journal-title><abbrev-journal-title abbrev-type="IOP">SST</abbrev-journal-title><abbrev-journal-title abbrev-type="publisher">Semicond. Sci. Technol.</abbrev-journal-title></journal-title-group><issn pub-type="ppub">0268-1242</issn><issn pub-type="epub">1361-6641</issn><publisher><publisher-name>IOP Publishing</publisher-name></publisher></journal-meta><article-meta><article-id pub-id-type="publisher-id">sstad895a</article-id><article-id pub-id-type="doi">10.1088/1361-6641/ad895a</article-id><article-id pub-id-type="manuscript">ad895a</article-id><article-id pub-id-type="other">SST-110106.R2</article-id><article-categories><subj-group subj-group-type="display-article-type"><subject>Paper</subject></subj-group></article-categories><title-group><article-title>Simulation study of a novel GaN on Si quasi-vertical reverse-conducting insulated gate bipolar transistor</article-title></title-group><contrib-group><contrib contrib-type="author"><contrib-id authenticated="true" contrib-id-type="orcid">0009-0006-1865-1540</contrib-id><name name-style="western"><surname>Zhao</surname><given-names>Wen</given-names></name><xref ref-type="aff" rid="sstad895aaf2">2</xref><xref ref-type="aff" rid="sstad895aaf3">3</xref></contrib><contrib contrib-type="author" corresp="yes"><contrib-id authenticated="true" contrib-id-type="orcid">0000-0002-0377-7726</contrib-id><name name-style="western"><surname>Zhang</surname><given-names>Peng</given-names></name><xref ref-type="aff" rid="sstad895aaf1">1</xref><xref ref-type="aff" rid="sstad895aaf3">3</xref><xref ref-type="fn" rid="sstad895afn1">*</xref><email>pengzhang@xidian.edu.cn</email></contrib><contrib contrib-type="author"><name name-style="western"><surname>Xu</surname><given-names>Jiarui</given-names></name><xref ref-type="aff" rid="sstad895aaf2">2</xref><xref ref-type="aff" rid="sstad895aaf3">3</xref></contrib><contrib contrib-type="author"><name name-style="western"><surname>Du</surname><given-names>Jiale</given-names></name><xref ref-type="aff" rid="sstad895aaf1">1</xref><xref ref-type="aff" rid="sstad895aaf3">3</xref></contrib><contrib contrib-type="author"><contrib-id authenticated="true" contrib-id-type="orcid">0000-0002-5368-3699</contrib-id><name name-style="western"><surname>Hou</surname><given-names>Bin</given-names></name><xref ref-type="aff" rid="sstad895aaf1">1</xref><xref ref-type="aff" rid="sstad895aaf3">3</xref></contrib><contrib contrib-type="author"><contrib-id authenticated="true" contrib-id-type="orcid">0000-0002-5436-2221</contrib-id><name name-style="western"><surname>Zhu</surname><given-names>Jiejie</given-names></name><xref ref-type="aff" rid="sstad895aaf1">1</xref><xref ref-type="aff" rid="sstad895aaf3">3</xref></contrib><contrib contrib-type="author"><contrib-id authenticated="true" contrib-id-type="orcid">0000-0002-1331-6253</contrib-id><name name-style="western"><surname>Ma</surname><given-names>Xiaohua</given-names></name><xref ref-type="aff" rid="sstad895aaf1">1</xref><xref ref-type="aff" rid="sstad895aaf3">3</xref></contrib><contrib contrib-type="author"><name name-style="western"><surname>Hao</surname><given-names>Yue</given-names></name><xref ref-type="aff" rid="sstad895aaf1">1</xref><xref ref-type="aff" rid="sstad895aaf3">3</xref></contrib><aff id="sstad895aaf1">
<label>1</label>School of Microelectronics, <institution>Xidian University</institution>, Xi’an, <country>People’s Republic of China</country></aff><aff id="sstad895aaf2">
<label>2</label>School of Advanced Materials and Nanotechnology, <institution>Xidian University</institution>, Xi’an, <country>People’s Republic of China</country></aff><aff id="sstad895aaf3">
<label>3</label>The National Key Discipline Laboratory of Wide Band-Gap Semiconductor, <institution>Xidian University</institution>, Xi’an, <country>People’s Republic of China</country></aff></contrib-group><author-notes><fn id="sstad895afn1"><label>*</label><p>Author to whom any correspondence should be addressed.</p></fn></author-notes><pub-date iso-8601-date="2025-02-28" pub-type="ppub"><day>28</day><month>02</month><year>2025</year></pub-date><pub-date iso-8601-date="2025-01-29" pub-type="epub"><day>29</day><month>01</month><year>2025</year></pub-date><volume>40</volume><issue>2</issue><elocation-id content-type="artnum">025009</elocation-id><supplementary-material content-type="colour-figures" orientation="portrait" position="float"/><history><date date-type="received"><day>22</day><month>01</month><year>2024</year></date><date date-type="rev-recd"><day>19</day><month>08</month><year>2024</year></date><date date-type="accepted"><day>21</day><month>10</month><year>2024</year></date></history><permissions><copyright-statement>© 2025 IOP Publishing Ltd. All rights, including for text and data mining, AI training, and similar technologies, are reserved.</copyright-statement><copyright-year>2025</copyright-year><license license-type="iop-standard" xlink:href="https://publishingsupport.iopscience.iop.org/iop-standard/v1"><license-p>This article is available under the terms of the <ext-link ext-link-type="uri" xlink:href="https://publishingsupport.iopscience.iop.org/iop-standard/v1">IOP-Standard License</ext-link>.</license-p></license></permissions><self-uri content-type="pdf" xlink:href="sst_40_2_025009.pdf"/><abstract abstract-type="standard"><title>Abstract</title><p>In this paper, a novel GaN on Si quasi-vertical reverse conducting insulated gate bipolar transistor (RC-IGBT) with NPN structure is proposed. The distinctive feature of this device structure is that the collector, emitter and gate are all fabricated on the wafer surface, eliminating the two major challenges associated with conventional PNPN structures: the difficulty in forming ohmic contacts due to the activation difficulty of the bottom p-GaN layer and the necessity of creating backside via holes for the collector electrode. Additionally, the heavily doped n<sup>+</sup> GaN in the emitter and RC region can be selectively regrown by Metal-organic Chemical Vapor Deposition (MOCVD) /MBE. It avoids the deterioration of ohmic contact characteristics caused by etching of p-GaN on the top layer of n<sup>+</sup> GaN during p-collector electrode fabrication. Compared to fully vertical GaN-based IGBT devices, the device has the feasibility of wafer level preparation technology. In this paper, Silvaco TCAD is used to simulate the static and dynamic characteristics of this novel device. The simulation results reveal that the device has a high saturation current density of 10 528.16 A cm<sup>−2</sup> at <italic toggle="yes">V</italic><sub>g</sub> = 14 V, a threshold voltage (<italic toggle="yes">V</italic><sub>th</sub>) of 5 V, a breakdown voltage of 1103 V, and a total turn-on time of 3.14 ns, total turn-off time of 9.19 ns. The calculated turn-on and turn-off conduction losses for the RC-IGBT device are 0.438 mJ cm<sup>−2</sup> and 9.12 mJ cm<sup>−2</sup>. Compared to other GaN-based IGBT devices, the novel GaN-based IGBT device has faster switching speed, lower switching loss and smaller chip area. Furthermore, we investigated the effects of the doping concentration of the field stop layer, drift region doping concentration, and collector region p/n<sup>+</sup> length ratio on the ‘snapback’ phenomenon of the RC-IGBT device. We also studied the impact of stage etching width and depth on the device’s output current capability and latch-up characteristics.</p></abstract><kwd-group kwd-group-type="author"><kwd>GaN</kwd><kwd>RC-IGBT</kwd><kwd>quasi-vertical</kwd><kwd>Silvaco TCAD</kwd></kwd-group><funding-group><award-group><funding-source>Ministry of Education<named-content content-type="funder-id">http://dx.doi.org/10.13039/501100002701</named-content></funding-source><award-id>8091B042112</award-id></award-group><award-group><funding-source>National Natural Science Foundation of China</funding-source><award-id>62188102</award-id></award-group></funding-group><counts><page-count count="9"/></counts><custom-meta-group><custom-meta><meta-name>crossmark</meta-name><meta-value>yes</meta-value></custom-meta></custom-meta-group></article-meta></front><body><sec id="sstad895as1"><label>1.</label><title>Introduction</title><p>Insulated gate bipolar transistor (IGBT) devices are composed of a combination of MOSFET and Bipolar Junction Transistor (BJT) structures. This integration allows IGBT devices to leverage the advantages of both MOSFETs, such as lower drive power and faster switching speed, and BJTs, such as lower on-state resistance and higher voltage withstand capability. As a result, IGBT devices have gained prominence in high-voltage applications and are often referred to as the ‘CPU’ of power devices due to their widespread use. However, conventional IGBT devices do not possess the ability for reverse conducting (RC). Typically, IGBTs are packaged together with freewheeling diodes as modules, which poses challenges in terms of packaging cost, module size, and heat dissipation. To address these issues, researchers have proposed RC IGBT devices, which integrate IGBTs and diodes on a single chip [<xref ref-type="bibr" rid="sstad895abib1">1</xref>], enabling both forward and RC while reducing costs and improving power and reliability. Currently, IGBT devices predominantly use Si material. However, with increasing demands for energy efficiency, environmental sustainability, and more complex operating conditions, higher requirements are placed on power devices in terms of efficiency, power density, voltage withstand capability, and reliability. Due to the limitations of Si material itself, it is challenging to meet the demands of higher power electronic devices. Consequently, attention has shifted to third-generation semiconductor materials, such as Silicon Carbide (SiC) and Gallium Nitride (GaN), which exhibit advantages as wide-bandgap semi- conductor devices [<xref ref-type="bibr" rid="sstad895abib2">2</xref>].</p><p>GaN, as a third-generation semiconductor material, offers advantages in power device fabrication due to its wide bandgap, high critical breakdown field, large electron mobility, and high electron saturation velocity. GaN-based power devices, such as GaN High Electron Mobility Transistors (HEMTs), exhibit advantages such as high output current and high breakdown voltage. Compared to lateral devices HEMTs, vertical structured devices are not affected by surface trap states and can achieve higher breakdown voltages by increasing the drift layer thickness [<xref ref-type="bibr" rid="sstad895abib3">3</xref>], thereby reducing chip area. Currently, GaN-based MOSFETs and PIN diodes have been proposed. In 2014, Oka <italic toggle="yes">et al</italic> [<xref ref-type="bibr" rid="sstad895abib4">4</xref>] from Toyota Central R&amp;D Labs developed a fully vertical trench GaN MOSFET device on a GaN substrate, achieving a record-breaking breakdown voltage of 1.6 kV with a threshold voltage of 7 V. In 2014, Zhang <italic toggle="yes">et al</italic> [<xref ref-type="bibr" rid="sstad895abib5">5</xref>] reported a quasi-vertical PN diode with a drift layer of 1.5 <italic toggle="yes">μ</italic>m on silicon substrate, achieving a breakdown voltage exceeding 300 V and a specific on-resistance of 10 M<italic toggle="yes">ω</italic> cm<sup>2</sup>. In 2015 Avoge <italic toggle="yes">et al</italic> [<xref ref-type="bibr" rid="sstad895abib6">6</xref>] demonstrated conventional vertical PiN devices on GaN homoepitaxial materials, featuring a specific on-resistance of 2.8 mΩ cm<sup>2</sup> and a breakdown voltage of 4.1 kV. However, GaN-based substrates are expensive, smaller in size, and have lower cost-effectiveness. On the other hand, silicon substrates are cost-effective, larger in size, and compatible with existing CMOS processes. In 2018, Liu <italic toggle="yes">et al</italic> [<xref ref-type="bibr" rid="sstad895abib7">7</xref>] fabricated a quasi-vertical MOSFET with a drift layer thickness of 4 <italic toggle="yes">μ</italic>m, demonstrating a breakdown voltage of 645 V and a specific on-resistance of 6.8 mΩ cm<sup>2</sup>. In 2019, Khadaretal [<xref ref-type="bibr" rid="sstad895abib8">8</xref>] successfully fabricated high-performance fully vertical GaN-on-Si MOSFETs by selectively removing the silicon substrate and buffer layer. These devices achieved a breakdown voltage of 520 V and a specific on-resistance of 5 mΩ cm<sup>2</sup>. However, the process of removing the substrate is challenging since the GaN epitaxial layer on the substrate is typically thin, only a few micrometers. Through comparison, the GaN-based devices exhibit advantages over Si-based devices.</p><p>GaN based IGBT (GaN IGBT) is a wide bandgap power semiconductor device that combines the advantages of GaN material, such as high critical breakdown field, high breakdown voltage, high temperature resistance, and high operating frequency, with the benefits of IGBT devices, including high conduct ion current density, low conduction voltage drop, low switching losses, and simple drive requirements [<xref ref-type="bibr" rid="sstad895abib9">9</xref>, <xref ref-type="bibr" rid="sstad895abib10">10</xref>]. In the field of medium-to-high voltage applications, GaN IGBT devices have a competitive edge over MOSFET devices. Unfortunately, there are several challenges limiting the application of GaN materials in IGBT devices: 1. Mg, as the acceptor impurity for p-type GaN, has a relatively high activation energy in GaN materials, ranging from 0.16 eV to 0.21 eV, resulting in low hole concentration and high contact resistance for p-GaN [<xref ref-type="bibr" rid="sstad895abib11">11</xref>, <xref ref-type="bibr" rid="sstad895abib12">12</xref>]; 2. After etching the surface of p-GaN, the generation of nitrogen vacancies and the roughness and defects on the etched surface prevent the formation of ohmic contacts [<xref ref-type="bibr" rid="sstad895abib13">13</xref>]; 3. When growing GaN material using metal–organic chemical vapor deposition (MOCVD), it involves the use of carrier gas, H<sub>2</sub>, which forms Mg-H complexes [<xref ref-type="bibr" rid="sstad895abib14">14</xref>] and leads to passivation. Additionally, the self-compensation effect caused by the interaction between H<sub>2</sub> and p-GaN further reduces the hole concentration [<xref ref-type="bibr" rid="sstad895abib15">15</xref>]. Moreover, the current GaN-on-silicon epitaxy only has a few micrometers of thickness, making it challenging to fabricate traditional IGBT devices that require backside opening for the collector electrode.</p><p>To address these challenges, since the proposal by Nakamura <italic toggle="yes">et al</italic> in 1992 on rapid thermal annealing in an N<sub>2</sub> atmosphere at 700 °C to activate p-GaN, achieving hole concentrations of 3 × 10<sup>17</sup> cm<sup>−3</sup>, researchers have studied the effects of annealing under different atmospheres and the impact of covering the p-type GaN surface with a metal layer followed by annealing [<xref ref-type="bibr" rid="sstad895abib16">16</xref>]. In 2021, Kazufumi Hirukawa <italic toggle="yes">et al</italic> achieved hole concentrations of 1 × 10<sup>18</sup> cm<sup>−3</sup> by performing thermal annealing on Mg-doped p-GaN in a high-pressure N<sub>2</sub> environment, highlighting the research value and applicability of GaN-based IGBT devices [<xref ref-type="bibr" rid="sstad895abib17">17</xref>].</p><p>In this article, by optimizing the material structure and process, a novel ‘NPN’ quasi-vertical GaN-based RC-IGBT device fabricated on a silicon substrate will be proposed, demonstrating high process feasibility and favourable device characteristics.</p></sec><sec id="sstad895as2"><label>2.</label><title>Device structure and parameters</title><sec id="sstad895as2-1"><label>2.1.</label><title>Device structure</title><p>Figure <xref ref-type="fig" rid="sstad895af1">1</xref> illustrates the three-dimensional structures of a quasi-vertical RC-IGBT device (a) and a conventional RC-IGBT device (b). The quasi-vertical RC-IGBT device features an overall material structure of NPN, where the p-body and p-collector share the same layer of p-GaN. The p-collector is fabricated on the surface of the wafer, while the collector electrode and the emitter electrode are isolated from each other through an internal deep etching stage within the device.</p><fig id="sstad895af1" orientation="portrait" position="float"><label>Figure 1.</label><caption id="sstad895afc1"><p>3D structural diagram of quasi-vertical RC-IGBT device (a) and conventional RC-IGBT device (b).</p></caption><graphic content-type="print" id="sstad895af1_eps" orientation="portrait" position="float" xlink:href="sstad895af1.eps"/><graphic content-type="online" id="sstad895af1_lr" orientation="portrait" position="float" xlink:href="sstad895af1_lr.jpg"/><graphic content-type="high" id="sstad895af1_hr" orientation="portrait" position="float" xlink:href="sstad895af1_hr.jpg"/></fig></sec><sec id="sstad895as2-2"><label>2.2.</label><title>Device parameter settings</title><p>The simulation parameters for the RC-IGBT, based on the material parameters and current level of available wafer technology, are set as shown in table <xref ref-type="table" rid="sstad895at1">1</xref>.</p><table-wrap id="sstad895at1" orientation="portrait" position="float"><label>Table 1.</label><caption id="sstad895atc1"><p>Structure dimensions and doping concent-ration of quasi-vertical RC-IGBT devices.</p></caption><table><thead><tr><th align="left" colspan="1" rowspan="1" valign="bottom"/><th align="left" colspan="1" rowspan="1" valign="bottom">structure dimensions</th><th align="left" colspan="1" rowspan="1" valign="bottom">doping concentration</th></tr></thead><tbody><tr><td align="left" colspan="1" rowspan="1" valign="top">Device lateral width</td><td align="left" colspan="1" rowspan="1" valign="top">24.4 <italic toggle="yes">μ</italic>m</td><td align="left" colspan="1" rowspan="1" valign="top">/</td></tr><tr><td align="left" colspan="1" rowspan="1" valign="top">Device longitudinal thickness</td><td align="left" colspan="1" rowspan="1" valign="top">5.93 <italic toggle="yes">μ</italic>m</td><td align="left" colspan="1" rowspan="1" valign="top">/</td></tr><tr><td align="left" colspan="1" rowspan="1" valign="top">Gate dielectric (Al<sub>2</sub>O<sub>3</sub>) thickness</td><td align="left" colspan="1" rowspan="1" valign="top">50 nm</td><td align="left" colspan="1" rowspan="1" valign="top">/</td></tr><tr><td align="left" colspan="1" rowspan="2">p-base acceptor concentration</td><td align="left" colspan="1" rowspan="1" valign="top">30 nm</td><td align="left" colspan="1" rowspan="1" valign="top">3 × 10<sup>18</sup></td></tr><tr><td align="left" colspan="1" rowspan="1" valign="top">0.4 <italic toggle="yes">μ</italic>m</td><td align="left" colspan="1" rowspan="1" valign="top">3 × 10<sup>17</sup></td></tr><tr><td align="left" colspan="1" rowspan="1" valign="top">n-emitter</td><td align="left" colspan="1" rowspan="1" valign="top">220 nm</td><td align="left" colspan="1" rowspan="1" valign="top">1 × 10<sup>20</sup></td></tr><tr><td align="left" colspan="1" rowspan="1" valign="top">n-drift</td><td align="left" colspan="1" rowspan="1" valign="top">4 <italic toggle="yes">μ</italic>m</td><td align="left" colspan="1" rowspan="1" valign="top">2 × 10<sup>16</sup></td></tr><tr><td align="left" colspan="1" rowspan="1" valign="top">Field stop(FS) layer</td><td align="left" colspan="1" rowspan="1" valign="top">1 <italic toggle="yes">μ</italic>m</td><td align="left" colspan="1" rowspan="1" valign="top">1 × 10<sup>19</sup></td></tr><tr><td align="left" colspan="1" rowspan="1" valign="top">n-collector</td><td align="left" colspan="1" rowspan="1" valign="top">0.43 <italic toggle="yes">μ</italic>m</td><td align="left" colspan="1" rowspan="1" valign="top">1 × 10<sup>20</sup></td></tr><tr><td align="left" colspan="1" rowspan="2">p-collector acceptor concentration</td><td align="left" colspan="1" rowspan="1" valign="top">30 nm</td><td align="left" colspan="1" rowspan="1" valign="top">3 × 10<sup>18</sup></td></tr><tr><td align="left" colspan="1" rowspan="1" valign="top">0.4 <italic toggle="yes">μ</italic>m</td><td align="left" colspan="1" rowspan="1" valign="top">3 × 10<sup>17</sup></td></tr><tr><td align="left" colspan="1" rowspan="1" valign="top">Stage region etch depth</td><td align="left" colspan="1" rowspan="1" valign="top">4.43 <italic toggle="yes">μ</italic>m</td><td align="left" colspan="1" rowspan="1" valign="top">/</td></tr><tr><td align="left" colspan="1" rowspan="1" valign="top">Stage region etch width</td><td align="left" colspan="2" rowspan="1" valign="top">0.9/1.5/1.8/5.8/6/10.2 <italic toggle="yes">μ</italic>m</td></tr><tr><td align="left" colspan="1" rowspan="1" valign="top">Trench etch depth</td><td align="left" colspan="1" rowspan="1" valign="top">700 nm</td><td align="left" colspan="1" rowspan="1" valign="top">/</td></tr><tr><td align="left" colspan="1" rowspan="1" valign="top">Trench etch width</td><td align="left" colspan="1" rowspan="1" valign="top">2 <italic toggle="yes">μ</italic>m</td><td align="left" colspan="1" rowspan="1" valign="top">/</td></tr></tbody></table></table-wrap><p>Firstly, for the n-emitter region, which serves as the source of electron current, heavily doping the n-emitter can improve the output characteristics of the device and reduce the emitter contact resistance, denoted as R<sub>C</sub>. Therefore, the doping concentration for the n-emitter is set to 1 × 10<sup>20</sup> cm<sup>−3</sup>. Additionally, both the RC region and the n-emitter region are fabricated using selective epitaxial growth, so the doping concentration in the RC region remains consistent with the n-emitter region.</p><p>Secondly, due to the unique quasi-vertical structure, the p-base region and the p-collector region share the same material layer on the wafer. To facilitate the formation of ohmic contact and achieve low contact resistance, higher doping concentrations are desired for the p-GaN layer. Taking these factors into consideration, the surface doping concentration of p-GaN is set to 3 × 10<sup>20</sup> cm<sup>−3</sup>, and the lower layer doping concentration is set to 3 × 10<sup>19</sup> cm<sup>−3</sup> [<xref ref-type="bibr" rid="sstad895abib18">18</xref>]. However, due to the relatively high activation energy of p-GaN, the actual hole concentration is significantly lower than the theoretical doping concentration. Therefore, in the simulation process, the surface acceptor concentration of p-GaN is set to 3 × 10<sup>18</sup> cm<sup>−3</sup>, and the lower layer acceptor concentration is set to 3 × 10<sup>17</sup>cm<sup>−3</sup> [<xref ref-type="bibr" rid="sstad895abib19">19</xref>],which is consis- tent with reported literature.</p><p>Furthermore, the setting of the field stop layer greatly affects the breakdown voltage of the device. Higher doping concentrations lead to a less depleted region at the p-body/n-drift junction on the n-side, making it difficult for the field stop layer to deplete. As a result, the electric field intensity can rapidly decrease, enhancing the field-stop capability and increasing the break down voltage. Moreover, the highly doped field stop layer acts as a barrier to hole injection into the drift region, improving the device’s latch-up characteristics. Considering these factors, the doping concentration of the field stop layer is set to 1 × 10<sup>19</sup> cm<sup>−3</sup> [<xref ref-type="bibr" rid="sstad895abib20">20</xref>].</p></sec><sec id="sstad895as2-3"><label>2.3.</label><title>Simulation model and material parameters</title><p>In this study, the quasi-vertical GaN-based RC-IGBT device was simulated using the Atlas module of Silvaco TCAD software. The simulation involves steps such as device structure creation, material parameter setting, selection of simulation models, and definition of calculation methods to accurately simulate the device characteristics. The invocation of appropriate models and the setting of material parameters are particularly crucial in the simulation process. The physical models used in this study include the concentration-dependent mobility model (conmob model), parallel electric field-dependent model (fldmob model), Shockley-Read-Hall recombination model (srh model), Auger recombination model (auger model), energy-dependent bandgap narrowing model (bgn model), and impact ionization model (impact Sze model) [<xref ref-type="bibr" rid="sstad895abib21">21</xref>]. The table <xref ref-type="table" rid="sstad895at2">2</xref> below presents the important parameters for GaN material in specific models.</p><table-wrap id="sstad895at2" orientation="portrait" position="float"><label>Table 2.</label><caption id="sstad895atc2"><p>Important parameters for GaN material in specific models.</p></caption><table><thead><tr><th align="left" colspan="1" rowspan="1" valign="bottom">Parameters</th><th align="left" colspan="1" rowspan="1" valign="bottom">Symbolic</th><th align="left" colspan="1" rowspan="1" valign="bottom">Value</th></tr></thead><tbody><tr><td align="left" colspan="1" rowspan="1" valign="top">Forbidden bandwidth at room temperature 300 KeV<sup>−1</sup></td><td align="left" colspan="1" rowspan="1" valign="top">Eg300</td><td align="left" colspan="1" rowspan="1" valign="top">3.4</td></tr><tr><td align="left" colspan="1" rowspan="1" valign="top">Electronic mobility(cm<sup>2</sup>v<sup>−1</sup>s<sup>−1</sup>)</td><td align="left" colspan="1" rowspan="1" valign="top">mun</td><td align="left" colspan="1" rowspan="1" valign="top">1000</td></tr><tr><td align="left" colspan="1" rowspan="1" valign="top">Hole mobility(cm<sup>2</sup>v<sup>−1</sup>s<sup>−1</sup>)</td><td align="left" colspan="1" rowspan="1" valign="top">mup</td><td align="left" colspan="1" rowspan="1" valign="top">10</td></tr><tr><td align="left" colspan="1" rowspan="1" valign="top">Electronic life(s)</td><td align="left" colspan="1" rowspan="1" valign="top">Taun0</td><td align="left" colspan="1" rowspan="1" valign="top">1 × 10<sup>−9</sup></td></tr><tr><td align="left" colspan="1" rowspan="1" valign="top">Hole life(s)</td><td align="left" colspan="1" rowspan="1" valign="top">Taup0</td><td align="left" colspan="1" rowspan="1" valign="top">2 × 10<sup>−8</sup></td></tr><tr><td align="left" colspan="1" rowspan="1" valign="top">Density of conduction band states at room temperature 300 K cm<sup>3</sup></td><td align="left" colspan="1" rowspan="1" valign="top">Nc300</td><td align="left" colspan="1" rowspan="1" valign="top">2.07 × 10<sup>18</sup></td></tr><tr><td align="left" colspan="1" rowspan="1" valign="top">Density of valence band states at room temperature 300 K cm<sup>3</sup></td><td align="left" colspan="1" rowspan="1" valign="top">Nv300</td><td align="left" colspan="1" rowspan="1" valign="top">1.16 × 10<sup>19</sup></td></tr><tr><td align="left" colspan="1" rowspan="1" valign="top">Premittivity</td><td align="left" colspan="1" rowspan="1" valign="top">/</td><td align="left" colspan="1" rowspan="1" valign="top">9.5</td></tr><tr><td align="left" colspan="1" rowspan="1" valign="top">Si impurity activation energy</td><td align="left" colspan="1" rowspan="1" valign="top">edb</td><td align="left" colspan="1" rowspan="1" valign="top">0.025</td></tr><tr><td align="left" colspan="1" rowspan="1" valign="top">Mg impurity activation energy</td><td align="left" colspan="1" rowspan="1" valign="top">eab</td><td align="left" colspan="1" rowspan="1" valign="top">0.16</td></tr></tbody></table></table-wrap></sec></sec><sec id="sstad895as3"><label>3.</label><title>Simulation results analysis and process flow</title><p>Numerical simulation analysis of the device’s static and dynamic characteristics was performed using Silvaco TCAD software.</p><sec id="sstad895as3-1"><label>3.1.</label><title>Static characteristics</title><sec id="sstad895as3-1-1"><label>3.1.1.</label><title>Forward conduction characteristics.</title><p>Figure <xref ref-type="fig" rid="sstad895af2">2</xref> illustrates the transfer characteristics of the quasi-vertical GaN-based RC-IGBT at <italic toggle="yes">V</italic>ce = 12 V. The threshold voltage is 5 V, corresponding to a collector current of 1 A cm<sup>−2</sup>. A higher threshold voltage provides better noise immunity and operational safety for devices used in high-power applications. Figure <xref ref-type="fig" rid="sstad895af3">3</xref> presents the output characteristics of the quasi-vertical RC-IGBT (a) and (b) provides an enlarged view within a specific range. At <italic toggle="yes">V</italic>g = 14 V and <italic toggle="yes">V</italic>ce = 50 V, the device exhibits a current density of 10 528.16 A cm<sup>−2</sup> (normalized based on the entire device cross-sectional area of 24.4 <italic toggle="yes">μ</italic>m<sup>2</sup>).</p><fig id="sstad895af2" orientation="portrait" position="float"><label>Figure 2.</label><caption id="sstad895afc2"><p>The transfer characteristics of the quasi-vertical GaN-based RC-IGBT.</p></caption><graphic content-type="print" id="sstad895af2_eps" orientation="portrait" position="float" xlink:href="sstad895af2.eps"/><graphic content-type="online" id="sstad895af2_lr" orientation="portrait" position="float" xlink:href="sstad895af2_lr.jpg"/><graphic content-type="high" id="sstad895af2_hr" orientation="portrait" position="float" xlink:href="sstad895af2_hr.jpg"/></fig><fig id="sstad895af3" orientation="portrait" position="float"><label>Figure 3.</label><caption id="sstad895afc3"><p>The output characteristics of the quasi-vertical GaN-based RC-IGBT.</p></caption><graphic content-type="print" id="sstad895af3_eps" orientation="portrait" position="float" xlink:href="sstad895af3.eps"/><graphic content-type="online" id="sstad895af3_lr" orientation="portrait" position="float" xlink:href="sstad895af3_lr.jpg"/><graphic content-type="high" id="sstad895af3_hr" orientation="portrait" position="float" xlink:href="sstad895af3_hr.jpg"/></fig><p>From the output characteristics curve, it is evident that the RC-IGBT device exhibits a phenomenon known as voltage snapback at a certain collector-emitter voltage. This phenomenon is caused by the structure of the RC-IGBT. The device has an n<sup>+</sup> GaN region at the collector, which serves as the RC region. When the gate voltage exceeds the threshold voltage and the device just starts to conduct, it operates in a unipolar mode with electron current as the main carrier. As the electron current flows through the J<sub>1</sub> junction formed by the p-collector and n-drift regions, there is a voltage drop (<italic toggle="yes">V</italic><sub>PN</sub>) across it. When this voltage drop exceeds the forward voltage drop of the <italic toggle="yes">J</italic><sub>1</sub> junction, the device enters a bipolar conduction mode, known as IGBT conduction mode [<xref ref-type="bibr" rid="sstad895abib22">22</xref>]. At this point, holes start injecting into the drift region, resulting in the presence of two types of carriers, which significantly reduces the on-state resistance and leads to the ‘snapback’ phenomenon.</p><p>The point at which the voltage exhibits the ‘snapback’ phenomenon is known as the snapback point. At this point, the voltage drop across the device is denoted as <italic toggle="yes">V</italic><sub>SB</sub>. After the snapback phenomenon occurs, the voltage drop across the device continues to decrease until it reaches a stable value, which is known as the hold voltage (<italic toggle="yes">V</italic><sub>H</sub>). The difference between <italic toggle="yes">V</italic><sub>SB</sub> and <italic toggle="yes">V</italic><sub>H</sub> is referred to as the voltage snapback value (Δ<italic toggle="yes">V</italic><sub>SB</sub>) [<xref ref-type="bibr" rid="sstad895abib23">23</xref>]. <disp-formula id="sstad895aeqn1"><label>1</label>
<tex-math><?CDATA \begin{equation}\Delta {V_{{\text{SB}}}} = {V_{{\text{SB}}}} - {V_{\text{H}}}.\end{equation}?></tex-math><mml:math display="block" overflow="scroll"><mml:mrow><mml:mi mathvariant="normal">Δ</mml:mi><mml:mrow><mml:msub><mml:mi>V</mml:mi><mml:mrow><mml:mrow><mml:mtext>SB</mml:mtext></mml:mrow></mml:mrow></mml:msub></mml:mrow><mml:mo>=</mml:mo><mml:mrow><mml:msub><mml:mi>V</mml:mi><mml:mrow><mml:mrow><mml:mtext>SB</mml:mtext></mml:mrow></mml:mrow></mml:msub></mml:mrow><mml:mo>−</mml:mo><mml:mrow><mml:msub><mml:mi>V</mml:mi><mml:mrow><mml:mtext>H</mml:mtext></mml:mrow></mml:msub></mml:mrow><mml:mo>.</mml:mo></mml:mrow></mml:math><graphic orientation="portrait" position="float" xlink:href="sstad895aeqn1.gif"/></disp-formula></p><p>The figure <xref ref-type="fig" rid="sstad895af4">4</xref> illustrates the schematic diagram of carrier distribution in the RC-IGBT device before and after the occurrence of snapback.</p><fig id="sstad895af4" orientation="portrait" position="float"><label>Figure 4.</label><caption id="sstad895afc4"><p>The schematic diagram of carrier distribution before and after snapback.</p></caption><graphic content-type="print" id="sstad895af4_eps" orientation="portrait" position="float" xlink:href="sstad895af4.eps"/><graphic content-type="online" id="sstad895af4_lr" orientation="portrait" position="float" xlink:href="sstad895af4_lr.jpg"/><graphic content-type="high" id="sstad895af4_hr" orientation="portrait" position="float" xlink:href="sstad895af4_hr.jpg"/></fig><p>From the output characteristics curve, we observe that the device exhibits snapback phenomenon at <italic toggle="yes">V</italic><sub>ce</sub> = 8.32 V when <italic toggle="yes">V</italic><sub>g</sub> = 10 V, indicating <italic toggle="yes">V</italic><sub>SB</sub> = 8.32 V. When the current increases again after snapback, the collector-emitter voltage is <italic toggle="yes">V</italic><sub>ce</sub> = 7.65 V, denoted as <italic toggle="yes">V</italic><sub>H</sub> = 7.65 V. According to the snapback voltage formula:
<disp-formula id="sstad895aueqn1">
<tex-math><?CDATA \begin{equation*}{{\Delta }}{V_{{\text{SB}}}}{\text{ = }}{V_{{\text{SB}}}} - {V_{\text{H}}}{\text{ = 0}}{\text{.67 V}}.\end{equation*}?></tex-math><mml:math display="block" overflow="scroll"><mml:mrow><mml:mrow><mml:mrow><mml:mi mathvariant="normal">Δ</mml:mi></mml:mrow></mml:mrow><mml:mrow><mml:msub><mml:mi>V</mml:mi><mml:mrow><mml:mrow><mml:mtext>SB</mml:mtext></mml:mrow></mml:mrow></mml:msub></mml:mrow><mml:mrow><mml:mtext> = </mml:mtext></mml:mrow><mml:mrow><mml:msub><mml:mi>V</mml:mi><mml:mrow><mml:mrow><mml:mtext>SB</mml:mtext></mml:mrow></mml:mrow></mml:msub></mml:mrow><mml:mo>−</mml:mo><mml:mrow><mml:msub><mml:mi>V</mml:mi><mml:mrow><mml:mtext>H</mml:mtext></mml:mrow></mml:msub></mml:mrow><mml:mrow><mml:mtext> = 0</mml:mtext></mml:mrow><mml:mrow><mml:mtext>.67 V</mml:mtext></mml:mrow><mml:mo>.</mml:mo></mml:mrow></mml:math><graphic orientation="portrait" position="float" xlink:href="sstad895aueqn1.gif"/></disp-formula></p><p>Figure <xref ref-type="fig" rid="sstad895af5">5</xref> presents the collector-emitter voltage <italic toggle="yes">V</italic><sub>ce</sub> and corresponding hole distribution before and after snapback at <italic toggle="yes">V</italic><sub>g</sub> = 10 V. Before snapback occurs, at <italic toggle="yes">V</italic><sub>ce</sub> = 3.92 V, the <italic toggle="yes">J</italic><sub>1</sub> junction is not open, and holes are not injected into the drift regions on both sides. The device operates in the MOS conducting mode. At <italic toggle="yes">V</italic><sub>ce</sub> = 6.36 V, although snapback has not yet occurred, the device is already in the IGBT conduction mode, with holes injected only into the drift regions on both sides, while the hole concentration in the middle drift region is 0. At <italic toggle="yes">V</italic><sub>ce</sub> = 8.26 V, the device has undergone snapback, and it is evident that the hole concentration rapidly increases in the drift regions on both sides and the middle drift region after exceeding the snapback voltage. At this point, the electron concentration in the drift region also increases rapidly, resulting in a significant conductivity modulation effect. The larger the collector-emitter voltage, the more pronounced the hole injection effect.</p><fig id="sstad895af5" orientation="portrait" position="float"><label>Figure 5.</label><caption id="sstad895afc5"><p>The hole concentration before and after snapback at <italic toggle="yes">V</italic><sub>g</sub> = 10 V.</p></caption><graphic content-type="print" id="sstad895af5_eps" orientation="portrait" position="float" xlink:href="sstad895af5.eps"/><graphic content-type="online" id="sstad895af5_lr" orientation="portrait" position="float" xlink:href="sstad895af5_lr.jpg"/><graphic content-type="high" id="sstad895af5_hr" orientation="portrait" position="float" xlink:href="sstad895af5_hr.jpg"/></fig><p>The unique ‘snapback’ phenomenon in RC-IGBT devices can cause a sudden decrease in voltage at a certain voltage level, which significantly affects the stability of the device and the system. For an individual chip, it may prevent the RC-IGBT from entering the IGBT conducting mode or require a higher turn-on voltage to enter the IGBT conducting mode, thus posing a risk of device failure. Therefore, it is necessary to optimize the device parameters to weaken or suppress the ‘snapback’ phenomenon.</p><p>To mitigate or suppress the ‘snapback’ phenomenon, it is crucial to ensure that the maximum voltage drop <italic toggle="yes">V</italic><sub>PN</sub> at the <italic toggle="yes">J</italic><sub>1</sub> junction reaches the theoretical turn-on voltage of the <italic toggle="yes">J</italic><sub>1</sub> junction as quickly as possible. Additionally, it is desirable to minimize <italic toggle="yes">V</italic><sub>SB</sub> (the voltage at the snapback point) and Δ<italic toggle="yes">V</italic><sub>SB</sub> (the voltage snapback value). The literature provides theoretical calculations and derivations for <italic toggle="yes">V</italic><sub>PN</sub>, <italic toggle="yes">V</italic><sub>SB</sub>, and Δ<italic toggle="yes">V</italic><sub>SB</sub> at the <italic toggle="yes">J</italic><sub>1</sub> junction [<xref ref-type="bibr" rid="sstad895abib23">23</xref>]. <disp-formula id="sstad895aeqn2"><label>2</label>
<tex-math><?CDATA \begin{equation}{V_{{\text{PN}}}}\left( {{\text{max}}} \right) = \frac{1}{2}{R_{{\text{sheet}}}}\left( {{\text{drift}}} \right){J_{{\text{av}}}}L_{\text{p}}^2.\end{equation}?></tex-math><mml:math display="block" overflow="scroll"><mml:mrow><mml:mrow><mml:msub><mml:mi>V</mml:mi><mml:mrow><mml:mrow><mml:mtext>PN</mml:mtext></mml:mrow></mml:mrow></mml:msub></mml:mrow><mml:mrow><mml:mo>(</mml:mo><mml:mrow><mml:mrow><mml:mtext>max</mml:mtext></mml:mrow></mml:mrow><mml:mo>)</mml:mo></mml:mrow><mml:mo>=</mml:mo><mml:mfrac><mml:mn>1</mml:mn><mml:mn>2</mml:mn></mml:mfrac><mml:mrow><mml:msub><mml:mi>R</mml:mi><mml:mrow><mml:mrow><mml:mtext>sheet</mml:mtext></mml:mrow></mml:mrow></mml:msub></mml:mrow><mml:mrow><mml:mo>(</mml:mo><mml:mrow><mml:mrow><mml:mtext>drift</mml:mtext></mml:mrow></mml:mrow><mml:mo>)</mml:mo></mml:mrow><mml:mrow><mml:msub><mml:mi>J</mml:mi><mml:mrow><mml:mrow><mml:mtext>av</mml:mtext></mml:mrow></mml:mrow></mml:msub></mml:mrow><mml:msubsup><mml:mi>L</mml:mi><mml:mrow><mml:mtext>p</mml:mtext></mml:mrow><mml:mn>2</mml:mn></mml:msubsup><mml:mo>.</mml:mo></mml:mrow></mml:math><graphic orientation="portrait" position="float" xlink:href="sstad895aeqn2.gif"/></disp-formula></p><p>In the equation, <italic toggle="yes">V</italic><sub>PN</sub> (max) represents the maximum voltage drop at the <italic toggle="yes">J</italic><sub>1</sub> junction, <italic toggle="yes">R</italic><sub>sheet</sub> (drift) is the resistance of the drift region near the collector side, <italic toggle="yes">J</italic><sub>av</sub> is the average current density, and <italic toggle="yes">L</italic><sub>p</sub> is the length of the p-type collector region.</p><p>From equation (<xref ref-type="disp-formula" rid="sstad895aeqn2">2</xref>), it can be observed that to facilitate the conduction of the J<sub>1</sub> junction, it is necessary to increase <italic toggle="yes">R</italic><sub>sheet</sub> (drift) and <italic toggle="yes">L</italic><sub>p</sub>. However, due to the quasi-vertical structure, the doping concentration near the collector region and the middle drift region is consistent. Increasing <italic toggle="yes">R</italic><sub>sheet</sub> (drift) can only be achieved by reducing the doping concentration in the drift region, which also affects <italic toggle="yes">J</italic><sub>av</sub>. Therefore, reducing the doping concentration in the drift region requires a comprehensive consideration [<xref ref-type="bibr" rid="sstad895abib23">23</xref>]. <disp-formula id="sstad895aeqn3"><label>3</label>
<tex-math><?CDATA \begin{equation}{ }{V_{{\text{SB}}}} = \frac{{{V_{{\text{PN}}}}}}{{{R_{\text{p}}}}}\left( {{R_{{\text{ch}}}} + {R_{\text{d}}} + {R_{\text{p}}}} \right)\, = \,{V_{{\text{PN}}}}\left( {1 + \frac{{{R_{{\text{ch}}}} + {R_{\text{d}}}}}{{{R_{\text{p}}}}}} \right)\end{equation}?></tex-math><mml:math display="block" overflow="scroll"><mml:mrow><mml:mrow/><mml:mrow><mml:msub><mml:mi>V</mml:mi><mml:mrow><mml:mrow><mml:mtext>SB</mml:mtext></mml:mrow></mml:mrow></mml:msub></mml:mrow><mml:mo>=</mml:mo><mml:mfrac><mml:mrow><mml:mrow><mml:msub><mml:mi>V</mml:mi><mml:mrow><mml:mrow><mml:mtext>PN</mml:mtext></mml:mrow></mml:mrow></mml:msub></mml:mrow></mml:mrow><mml:mrow><mml:mrow><mml:msub><mml:mi>R</mml:mi><mml:mrow><mml:mtext>p</mml:mtext></mml:mrow></mml:msub></mml:mrow></mml:mrow></mml:mfrac><mml:mrow><mml:mo>(</mml:mo><mml:mrow><mml:mrow><mml:msub><mml:mi>R</mml:mi><mml:mrow><mml:mrow><mml:mtext>ch</mml:mtext></mml:mrow></mml:mrow></mml:msub></mml:mrow><mml:mo>+</mml:mo><mml:mrow><mml:msub><mml:mi>R</mml:mi><mml:mrow><mml:mtext>d</mml:mtext></mml:mrow></mml:msub></mml:mrow><mml:mo>+</mml:mo><mml:mrow><mml:msub><mml:mi>R</mml:mi><mml:mrow><mml:mtext>p</mml:mtext></mml:mrow></mml:msub></mml:mrow></mml:mrow><mml:mo>)</mml:mo></mml:mrow><mml:mstyle scriptlevel="0"/><mml:mo>=</mml:mo><mml:mstyle scriptlevel="0"/><mml:mrow><mml:msub><mml:mi>V</mml:mi><mml:mrow><mml:mrow><mml:mtext>PN</mml:mtext></mml:mrow></mml:mrow></mml:msub></mml:mrow><mml:mrow><mml:mo>(</mml:mo><mml:mrow><mml:mn>1</mml:mn><mml:mo>+</mml:mo><mml:mfrac><mml:mrow><mml:mrow><mml:msub><mml:mi>R</mml:mi><mml:mrow><mml:mrow><mml:mtext>ch</mml:mtext></mml:mrow></mml:mrow></mml:msub></mml:mrow><mml:mo>+</mml:mo><mml:mrow><mml:msub><mml:mi>R</mml:mi><mml:mrow><mml:mtext>d</mml:mtext></mml:mrow></mml:msub></mml:mrow></mml:mrow><mml:mrow><mml:mrow><mml:msub><mml:mi>R</mml:mi><mml:mrow><mml:mtext>p</mml:mtext></mml:mrow></mml:msub></mml:mrow></mml:mrow></mml:mfrac></mml:mrow><mml:mo>)</mml:mo></mml:mrow></mml:mrow></mml:math><graphic orientation="portrait" position="float" xlink:href="sstad895aeqn3.gif"/></disp-formula>
<disp-formula id="sstad895aeqn4"><label>4</label>
<tex-math><?CDATA \begin{equation}{V_{\text{H}}} \approx {V_{{\text{SB}}}} - \frac{{{V_{{\text{PN}}}}}}{{{R_{\text{p}}}}}{R_{\text{d}}}\end{equation}?></tex-math><mml:math display="block" overflow="scroll"><mml:mrow><mml:mrow><mml:msub><mml:mi>V</mml:mi><mml:mrow><mml:mtext>H</mml:mtext></mml:mrow></mml:msub></mml:mrow><mml:mo>≈</mml:mo><mml:mrow><mml:msub><mml:mi>V</mml:mi><mml:mrow><mml:mrow><mml:mtext>SB</mml:mtext></mml:mrow></mml:mrow></mml:msub></mml:mrow><mml:mo>−</mml:mo><mml:mfrac><mml:mrow><mml:mrow><mml:msub><mml:mi>V</mml:mi><mml:mrow><mml:mrow><mml:mtext>PN</mml:mtext></mml:mrow></mml:mrow></mml:msub></mml:mrow></mml:mrow><mml:mrow><mml:mrow><mml:msub><mml:mi>R</mml:mi><mml:mrow><mml:mtext>p</mml:mtext></mml:mrow></mml:msub></mml:mrow></mml:mrow></mml:mfrac><mml:mrow><mml:msub><mml:mi>R</mml:mi><mml:mrow><mml:mtext>d</mml:mtext></mml:mrow></mml:msub></mml:mrow></mml:mrow></mml:math><graphic orientation="portrait" position="float" xlink:href="sstad895aeqn4.gif"/></disp-formula>
<disp-formula id="sstad895aeqn5"><label>5</label>
<tex-math><?CDATA \begin{equation}{V_{\text{H}}} = {V_{{\text{SB}}}}\left( {1 - \frac{{{R_{\text{d}}}}}{{{R_{{\text{ch}}}} + {R_{\text{d}}} + {R_{\text{p}}}}}} \right)\end{equation}?></tex-math><mml:math display="block" overflow="scroll"><mml:mrow><mml:mrow><mml:msub><mml:mi>V</mml:mi><mml:mrow><mml:mtext>H</mml:mtext></mml:mrow></mml:msub></mml:mrow><mml:mo>=</mml:mo><mml:mrow><mml:msub><mml:mi>V</mml:mi><mml:mrow><mml:mrow><mml:mtext>SB</mml:mtext></mml:mrow></mml:mrow></mml:msub></mml:mrow><mml:mrow><mml:mo>(</mml:mo><mml:mrow><mml:mn>1</mml:mn><mml:mo>−</mml:mo><mml:mfrac><mml:mrow><mml:mrow><mml:msub><mml:mi>R</mml:mi><mml:mrow><mml:mtext>d</mml:mtext></mml:mrow></mml:msub></mml:mrow></mml:mrow><mml:mrow><mml:mrow><mml:msub><mml:mi>R</mml:mi><mml:mrow><mml:mrow><mml:mtext>ch</mml:mtext></mml:mrow></mml:mrow></mml:msub></mml:mrow><mml:mo>+</mml:mo><mml:mrow><mml:msub><mml:mi>R</mml:mi><mml:mrow><mml:mtext>d</mml:mtext></mml:mrow></mml:msub></mml:mrow><mml:mo>+</mml:mo><mml:mrow><mml:msub><mml:mi>R</mml:mi><mml:mrow><mml:mtext>p</mml:mtext></mml:mrow></mml:msub></mml:mrow></mml:mrow></mml:mfrac></mml:mrow><mml:mo>)</mml:mo></mml:mrow></mml:mrow></mml:math><graphic orientation="portrait" position="float" xlink:href="sstad895aeqn5.gif"/></disp-formula>
<disp-formula id="sstad895aeqn6"><label>6</label>
<tex-math><?CDATA \begin{equation}\Delta {V_{{\text{SB}}}} = {V_{{\text{SB}}}} - {V_{\text{H}}} = {V_{{\text{SB}}}}\frac{{{R_{\text{d}}}}}{{{R_{{\text{ch}}}} + {R_{\text{d}}} + {R_{\text{p}}}}} = \frac{{{V_{{\text{PN}}}}}}{{{R_{\text{p}}}}}{R_{\text{d}}}.\end{equation}?></tex-math><mml:math display="block" overflow="scroll"><mml:mrow><mml:mi mathvariant="normal">Δ</mml:mi><mml:mrow><mml:msub><mml:mi>V</mml:mi><mml:mrow><mml:mrow><mml:mtext>SB</mml:mtext></mml:mrow></mml:mrow></mml:msub></mml:mrow><mml:mo>=</mml:mo><mml:mrow><mml:msub><mml:mi>V</mml:mi><mml:mrow><mml:mrow><mml:mtext>SB</mml:mtext></mml:mrow></mml:mrow></mml:msub></mml:mrow><mml:mo>−</mml:mo><mml:mrow><mml:msub><mml:mi>V</mml:mi><mml:mrow><mml:mtext>H</mml:mtext></mml:mrow></mml:msub></mml:mrow><mml:mo>=</mml:mo><mml:mrow><mml:msub><mml:mi>V</mml:mi><mml:mrow><mml:mrow><mml:mtext>SB</mml:mtext></mml:mrow></mml:mrow></mml:msub></mml:mrow><mml:mfrac><mml:mrow><mml:mrow><mml:msub><mml:mi>R</mml:mi><mml:mrow><mml:mtext>d</mml:mtext></mml:mrow></mml:msub></mml:mrow></mml:mrow><mml:mrow><mml:mrow><mml:msub><mml:mi>R</mml:mi><mml:mrow><mml:mrow><mml:mtext>ch</mml:mtext></mml:mrow></mml:mrow></mml:msub></mml:mrow><mml:mo>+</mml:mo><mml:mrow><mml:msub><mml:mi>R</mml:mi><mml:mrow><mml:mtext>d</mml:mtext></mml:mrow></mml:msub></mml:mrow><mml:mo>+</mml:mo><mml:mrow><mml:msub><mml:mi>R</mml:mi><mml:mrow><mml:mtext>p</mml:mtext></mml:mrow></mml:msub></mml:mrow></mml:mrow></mml:mfrac><mml:mo>=</mml:mo><mml:mfrac><mml:mrow><mml:mrow><mml:msub><mml:mi>V</mml:mi><mml:mrow><mml:mrow><mml:mtext>PN</mml:mtext></mml:mrow></mml:mrow></mml:msub></mml:mrow></mml:mrow><mml:mrow><mml:mrow><mml:msub><mml:mi>R</mml:mi><mml:mrow><mml:mtext>p</mml:mtext></mml:mrow></mml:msub></mml:mrow></mml:mrow></mml:mfrac><mml:mrow><mml:msub><mml:mi>R</mml:mi><mml:mrow><mml:mtext>d</mml:mtext></mml:mrow></mml:msub></mml:mrow><mml:mo>.</mml:mo></mml:mrow></mml:math><graphic orientation="portrait" position="float" xlink:href="sstad895aeqn6.gif"/></disp-formula></p><p>In the equation, <italic toggle="yes">V</italic><sub>SB</sub> represents the snapback point, <italic toggle="yes">V</italic><sub>H</sub> is the voltage hold point, <italic toggle="yes">R</italic><sub>ch</sub>, <italic toggle="yes">R</italic><sub>d</sub>, and <italic toggle="yes">R</italic><sub>p</sub> refer to the channel resistance, drift region resistance (including the field stop layer resistance), and collector resistance (resistance of the drift region near the collector side), respectively.</p><p>From the above equations (<xref ref-type="disp-formula" rid="sstad895aeqn3">3</xref>) and (<xref ref-type="disp-formula" rid="sstad895aeqn6">6</xref>), we can deduce that to reduce <italic toggle="yes">V</italic><sub>SB</sub> and <inline-formula>
<tex-math><?CDATA $\Delta {V_{{\text{SB}}}}$?></tex-math><mml:math overflow="scroll"><mml:mrow><mml:mi mathvariant="normal">Δ</mml:mi><mml:mrow><mml:msub><mml:mi>V</mml:mi><mml:mrow><mml:mrow><mml:mtext>SB</mml:mtext></mml:mrow></mml:mrow></mml:msub></mml:mrow></mml:mrow></mml:math><inline-graphic xlink:href="sstad895aieqn1.gif"/></inline-formula>, it is necessary to decrease the channel resistance and drift region resistance while increasing the collector resistance. However, due to the influence of the quasi-vertical structure, the doping concentration in the middle drift region and the two sides of the drift region is consistent. Therefore, reducing the drift region resistance will inevitably lead to a decrease in the collector resistance. Thus, a comprehensive consideration is required.</p><p>This paper investigates three parameters: doping concentration of the field stop layer, doping concentration of the drift region, and the ratio of the length of the p/n<sup>+</sup> collector region.</p><p>Firstly, considering the field stop layer, while keeping other parameters constant, the doping concentrations of the field stop layer are set as follows: 1 × 10<sup>19</sup> cm<sup>−3</sup>, 5 × 10<sup>18</sup> cm<sup>−3</sup>, 1 × 10<sup>18</sup> cm<sup>−3</sup>, 3 × 10<sup>17</sup> cm<sup>−3</sup>, and 1 × 10<sup>17</sup> cm<sup>−3</sup>. Figure <xref ref-type="fig" rid="sstad895af6">6</xref> shows the output characteristics of the field stop layer for each doping concentration. From the graph, it can be observed that as the doping concentration of the field stop layer increases, the snapback voltage point (<italic toggle="yes">V</italic><sub>SB</sub>) of the device gradually decreases. This is because a higher doping concentration in the field stop layer leads to lower device resistance, making it easier for the J<sub>1</sub> junction to open and the device to enter the IGBT conduction mode earlier. Additionally, higher doping concentrations result in a decrease in the snapback voltage value (Δ<italic toggle="yes">V</italic><sub>SB</sub>), which tends to stabilize. The values of Δ<italic toggle="yes">V</italic><sub>SB</sub> are 2.55 V, 1.52 V, 0.55 V, 0.65 V, and 0.67 V, respectively. Therefore, heavily doped field stop layers can effectively improve the voltage snapback phenomenon in the device.</p><fig id="sstad895af6" orientation="portrait" position="float"><label>Figure 6.</label><caption id="sstad895afc6"><p>The influence of the field stop layer doping concentration on ‘snapback’.</p></caption><graphic content-type="print" id="sstad895af6_eps" orientation="portrait" position="float" xlink:href="sstad895af6.eps"/><graphic content-type="online" id="sstad895af6_lr" orientation="portrait" position="float" xlink:href="sstad895af6_lr.jpg"/><graphic content-type="high" id="sstad895af6_hr" orientation="portrait" position="float" xlink:href="sstad895af6_hr.jpg"/></fig><p>Secondly, the doping concentration of the drift region was investigated. In this study, the doping concentrations of the drift region were set as follows: 2 × 10<sup>15</sup> cm<sup>−3</sup>, 2 × 10<sup>16</sup> cm<sup>−3</sup>, 5 × 10<sup>16</sup> cm<sup>−3</sup>, 8 × 10<sup>16</sup> cm<sup>−3</sup>, and 2 × 10<sup>17</sup> cm<sup>−3</sup>. From figure <xref ref-type="fig" rid="sstad895af7">7</xref>(a), it can be observed that as the doping concentration of the drift region increases, there is a slight improvement in the voltage snapback phenomenon. When the doping concentration exceeds 8 × 10<sup>16</sup> cm<sup>−3</sup>, the voltage snapback phenomenon is almost suppressed, which is beneficial for mitigating voltage snapback. However, highly doped drift regions have a significant impact on the breakdown characteristics and latch-up behavior of the device.</p><fig id="sstad895af7" orientation="portrait" position="float"><label>Figure 7.</label><caption id="sstad895afc7"><p>The influence of the doping concentration of the drift region (a) and the ratio of the p/n<sup>+</sup> collector region (b) on ‘snapback’.</p></caption><graphic content-type="print" id="sstad895af7_eps" orientation="portrait" position="float" xlink:href="sstad895af7.eps"/><graphic content-type="online" id="sstad895af7_lr" orientation="portrait" position="float" xlink:href="sstad895af7_lr.jpg"/><graphic content-type="high" id="sstad895af7_hr" orientation="portrait" position="float" xlink:href="sstad895af7_hr.jpg"/></fig><p>Finally, the impact of the p/n<sup>+</sup> collector region ratio on the voltage snapback phenomenon was investigated. From figure <xref ref-type="fig" rid="sstad895af7">7</xref>(b), it can be observed that as the width of the p collector region increases, both <italic toggle="yes">V</italic><sub>SB</sub> and Δ<italic toggle="yes">V</italic><sub>SB</sub> of the device decrease. This indicates that adjusting the p/n<sup>+</sup> collector region ratio is effective in suppressing the voltage snapback phenomenon for quasi-vertical devices.</p><p>Derived from the output characteristics, the latch-up behavior of the RC-IGBT device occurs when a portion of the injected holes in the drift region recombines with electrons, while another portion flows through the inverted channel to the emitter and then flows out from the emitter. When the voltage drop across the p-base/n-emitter boundary exceeds the forward voltage drop of the pn junction, the internal NPN transistor (n-emitter/p-base/n-drift) of the device turns on, rendering the gate control ineffective, and the current rapidly increases [<xref ref-type="bibr" rid="sstad895abib24">24</xref>]. Therefore, it is necessary to control the hole concentration flowing through the p-base/n-emitter boundary to prevent the device from entering the latch-up state prematurely. The stage etching depth in the device acts as a barrier for hole injection into the drift region. Figures <xref ref-type="fig" rid="sstad895af8">8</xref> and <xref ref-type="fig" rid="sstad895af9">9</xref> respectively show the influence of different stage etching depths on the latch-up characteristics of the device with stage widths of 0.9 <italic toggle="yes">μ</italic>m and 6 <italic toggle="yes">μ</italic>m. From figure <xref ref-type="fig" rid="sstad895af8">8</xref>, it can be observed that as the etching depth increases, the barrier effect on hole injection into the drift region becomes stronger, resulting in a significant increase in the latch-up voltage of the device. At <italic toggle="yes">V</italic><sub>g</sub> = 10 V, the latch-up voltages of the device with etching depths of 4.43 <italic toggle="yes">μ</italic>m and 3.83 <italic toggle="yes">μ</italic>m are 807 V and 62 V, respectively. However, the number of injected holes also affects the on-state resistance and current density of the device. At <italic toggle="yes">V</italic><sub>g</sub> = 10 V and <italic toggle="yes">V</italic><sub>ce</sub> = 50 V, the current densities of the device with etching depths of 4.43 <italic toggle="yes">μ</italic>m and 3.83 <italic toggle="yes">μ</italic>m are 12 000 A cm<sup>−2</sup> and 15 000 A cm<sup>−2</sup> (normalized based on the device’s cross-sectional area of 14.2 <italic toggle="yes">μ</italic>m<sup>2</sup>), respectively, with a difference of 1.25 times, while the latch-up voltage difference is 15 times. Meanwhile, the etching depths of 4.43 <italic toggle="yes">μ</italic>m, 4.33 <italic toggle="yes">μ</italic>m, and 4.23 <italic toggle="yes">μ</italic>m have little impact on the current density, but the latch-up voltages are 807 V, 405 V, and 281 V, respectively, indicating a significant decrease in the latch-up voltage. However, when the stage etching width is 6 <italic toggle="yes">μ</italic>m, the latch-up voltage of the device is not as sensitive to the etching depth. At an etching depth of 3.5 <italic toggle="yes">μ</italic>m, the latch-up voltage is above 1100 V, indicating a good working safe zone for the device. However, at <italic toggle="yes">V</italic><sub>g</sub> = 10 V and <italic toggle="yes">V</italic><sub>ce</sub> = 50 V, the absolute current of the collector electrode is almost the same for stage widths of 0.9 <italic toggle="yes">μ</italic>m and 6 <italic toggle="yes">μ</italic>m. This is because of the heavily doped field stop layer, resulting in a small voltage drop at this point. Therefore, considering the output current capability and the forward safe operating area of the device, the stage etching width and depth are set to 6 <italic toggle="yes">μ</italic>m and 4.43 <italic toggle="yes">μ</italic>m, respectively.</p><fig id="sstad895af8" orientation="portrait" position="float"><label>Figure 8.</label><caption id="sstad895afc8"><p>The latch-up characteristics curves with different etching depths for Wstage = 0.9 <italic toggle="yes">μ</italic>m.</p></caption><graphic content-type="print" id="sstad895af8_eps" orientation="portrait" position="float" xlink:href="sstad895af8.eps"/><graphic content-type="online" id="sstad895af8_lr" orientation="portrait" position="float" xlink:href="sstad895af8_lr.jpg"/><graphic content-type="high" id="sstad895af8_hr" orientation="portrait" position="float" xlink:href="sstad895af8_hr.jpg"/></fig><fig id="sstad895af9" orientation="portrait" position="float"><label>Figure 9.</label><caption id="sstad895afc9"><p>The latch-up characteristics curves with different etching depths for Wstage = 6 <italic toggle="yes">μ</italic>m.</p></caption><graphic content-type="print" id="sstad895af9_eps" orientation="portrait" position="float" xlink:href="sstad895af9.eps"/><graphic content-type="online" id="sstad895af9_lr" orientation="portrait" position="float" xlink:href="sstad895af9_lr.jpg"/><graphic content-type="high" id="sstad895af9_hr" orientation="portrait" position="float" xlink:href="sstad895af9_hr.jpg"/></fig></sec><sec id="sstad895as3-1-2"><label>3.1.2.</label><title>Breakdown characteristics.</title><p>IGBT devices have significant advantages when applied in medium to high voltage applications. The breakdown voltage is a crucial parameter for IGBT devices, as it determines the device’s ability to withstand high voltages. The reverse-biased p-base/n-drift/n-FS pn junction in the device is responsible for voltage endurance. Therefore, the thickness of the drift region is key to enhancing the device’s breakdown capability. However, the current state of material growth, such as Si-based epitaxial and GaN epitaxial, only achieves a few micrometers in thickness. With advancements in epitaxial material growth, the voltage endurance of GaN-based vertical devices will further improve [<xref ref-type="bibr" rid="sstad895abib25">25</xref>].</p><p>Simultaneously, the etching width of the stage region within the device also affects its breakdown capability. Figure <xref ref-type="fig" rid="sstad895af10">10</xref> illustrates the breakdown characteristics of quasi-vertical RC-IGBT devices with different stage widths. As the stage etching width increases, the device’s breakdown voltage also increases. At a current density of 50 mA cm<sup>−2</sup>, the corresponding breakdown voltages for stage etching widths of 0.9 <italic toggle="yes">μ</italic>m, 1.5 <italic toggle="yes">μ</italic>m, 1.8 <italic toggle="yes">μ</italic>m, 5.8 <italic toggle="yes">μ</italic>m, and 10.2 <italic toggle="yes">μ</italic>m are 828 V, 920 V, 959 V, 1096 V, and 1103 V, respectively. This is because a wider stage region results in a larger distance between the collector and emitter electrodes, leading to a reduced electric field intensity between the two electrodes. As a result, the electric field’s impact on the pn junction responsible for voltage endurance is minimized, thus enhancing the device’s breakdown voltage. However, beyond 5.8 <italic toggle="yes">μ</italic>m, the improvement in the device’s breakdown characteristics becomes negligible. Therefore, in this study, a stage etching width of 6 <italic toggle="yes">μ</italic>m is chosen for simulation.</p><fig id="sstad895af10" orientation="portrait" position="float"><label>Figure 10.</label><caption id="sstad895afc10"><p>The breakdown characteristics curves for different stage etching widths.</p></caption><graphic content-type="print" id="sstad895af10_eps" orientation="portrait" position="float" xlink:href="sstad895af10.eps"/><graphic content-type="online" id="sstad895af10_lr" orientation="portrait" position="float" xlink:href="sstad895af10_lr.jpg"/><graphic content-type="high" id="sstad895af10_hr" orientation="portrait" position="float" xlink:href="sstad895af10_hr.jpg"/></fig><p>Furthermore, we analyzed the electric field distribution for different stage etching widths. From the graph, it can be observed that increasing the stage width can alleviate the electric field concentration on the stage sidewalls, thereby enhancing the device’s breakdown voltage. Figure <xref ref-type="fig" rid="sstad895af11">11</xref> shows the electric field distribution for a stage width of 6 <italic toggle="yes">μ</italic>m and a collector voltage of 1140 V, exhibiting a smaller peak electric field compared to the case with a stage width of 0.9 <italic toggle="yes">μ</italic>m and a collector voltage of 940 V.</p><fig id="sstad895af11" orientation="portrait" position="float"><label>Figure 11.</label><caption id="sstad895afc11"><p>The electric field distribution for different stage etching widths.</p></caption><graphic content-type="print" id="sstad895af11_eps" orientation="portrait" position="float" xlink:href="sstad895af11.eps"/><graphic content-type="online" id="sstad895af11_lr" orientation="portrait" position="float" xlink:href="sstad895af11_lr.jpg"/><graphic content-type="high" id="sstad895af11_hr" orientation="portrait" position="float" xlink:href="sstad895af11_hr.jpg"/></fig></sec><sec id="sstad895as3-1-3"><label>3.1.3.</label><title>RC characteristics.</title><p>RC-IGBTs possess the ability of RC compared to conventional IGBTs. Figure <xref ref-type="fig" rid="sstad895af12">12</xref> illustrates the RC curve of an RC-IGBT, which also represents the conduction characteristics of a regular diode.</p><fig id="sstad895af12" orientation="portrait" position="float"><label>Figure 12.</label><caption id="sstad895afc12"><p>The RC characteristics curves.</p></caption><graphic content-type="print" id="sstad895af12_eps" orientation="portrait" position="float" xlink:href="sstad895af12.eps"/><graphic content-type="online" id="sstad895af12_lr" orientation="portrait" position="float" xlink:href="sstad895af12_lr.jpg"/><graphic content-type="high" id="sstad895af12_hr" orientation="portrait" position="float" xlink:href="sstad895af12_hr.jpg"/></fig></sec></sec><sec id="sstad895as3-2"><label>3.2.</label><title>Dynamic characteristics</title><p>The switching characteristics of the device are evaluated using the hybrid circuit simulation mode in Silvaco TCAD. This mode combines the physical model of the device with a double-pulse circuit to assess its dynamic characteristics. Figure <xref ref-type="fig" rid="sstad895af13">13</xref> shows the simulated circuit diagram, where the load voltage <italic toggle="yes">V</italic><sub>DC</sub> is set to 300 V, the gate pulse voltage is set to 10 V, and the intrinsic gate resistance is set to 5 Ω. The diode is considered an ideal component [<xref ref-type="bibr" rid="sstad895abib26">26</xref>].</p><fig id="sstad895af13" orientation="portrait" position="float"><label>Figure 13.</label><caption id="sstad895afc13"><p>Schematics of the dual-pulse circuit implemented in the mixed mode simulation.</p></caption><graphic content-type="print" id="sstad895af13_eps" orientation="portrait" position="float" xlink:href="sstad895af13.eps"/><graphic content-type="online" id="sstad895af13_lr" orientation="portrait" position="float" xlink:href="sstad895af13_lr.jpg"/><graphic content-type="high" id="sstad895af13_hr" orientation="portrait" position="float" xlink:href="sstad895af13_hr.jpg"/></fig><p>Figure <xref ref-type="fig" rid="sstad895af14">14</xref> presents the simulation results of the quasi-vertical RC-IGBT in the hybrid mode, using a double-pulse circuit setup for testing. The device voltage and current waveforms during the switching transient process are used to define the turn-on and turn-off times, which are the times it takes for the voltage and current to rise and fall from 10% to 90%. The turn-on time includes the turn-on delay time (<italic toggle="yes">td</italic><sub>on</sub>) and the rise time (<italic toggle="yes">t</italic><sub>r</sub>), while the turn-off time includes the turn-off delay time (<italic toggle="yes">td</italic><sub>off</sub>) and the fall time (<italic toggle="yes">t</italic><sub>f</sub>). In Figure (b), the turn-on curve is shown, and in Figure (c), the turn-off curve is displayed. The simulation results indicate that the quasi-vertical RC-IGBT has a turn-on delay time of 2.81 ns, a rise time of 0.33 ns, and a total turn-on time of 3.14 ns. The turn-on time is relatively short, and the waveform is uniform. The turn-off delay time is 2.66 ns, the fall time is 6.53 ns, and the total turn-off time is 9.19 ns. It can be observed that the RC-IGBT</p><fig id="sstad895af14" orientation="portrait" position="float"><label>Figure 14.</label><caption id="sstad895afc14"><p>(a) complete dynamic characteristics curves, (b) turn-on and (c) turn-off curves of quasi-vertical RC-IGBT.</p></caption><graphic content-type="print" id="sstad895af14_eps" orientation="portrait" position="float" xlink:href="sstad895af14.eps"/><graphic content-type="online" id="sstad895af14_lr" orientation="portrait" position="float" xlink:href="sstad895af14_lr.jpg"/><graphic content-type="high" id="sstad895af14_hr" orientation="portrait" position="float" xlink:href="sstad895af14_hr.jpg"/></fig><p>exhibits nanosecond-level switching times, which holds significant potential for high-frequency power switching applications. Additionally, the RC-IGBT can reduce the turn-off time by allowing the non-equilibrium carriers to flow out through the reverse-conducting region, in addition to recombination consumption. Furthermore, the product of voltage and current during the switching process is integrated over time to obtain the switching losses of the device. The calculated turn-on and turn-off conduction losses for the RC-IGBT device are 0.438 mJ cm<sup>−2</sup> and 9.12 mJ cm<sup>−2</sup>, respectively, as shown in figure <xref ref-type="fig" rid="sstad895af15">15</xref>.</p><fig id="sstad895af15" orientation="portrait" position="float"><label>Figure 15.</label><caption id="sstad895afc15"><p>Switching losses of quasi-vertical GaN RC-IGBT: (a) turn-on loss and (b) turn-off loss.</p></caption><graphic content-type="print" id="sstad895af15_eps" orientation="portrait" position="float" xlink:href="sstad895af15.eps"/><graphic content-type="online" id="sstad895af15_lr" orientation="portrait" position="float" xlink:href="sstad895af15_lr.jpg"/><graphic content-type="high" id="sstad895af15_hr" orientation="portrait" position="float" xlink:href="sstad895af15_hr.jpg"/></fig><p>Currently, research on GaN IGBT devices mainly focuses on simulation. Table <xref ref-type="table" rid="sstad895at3">3</xref> compares the key parameters of Si-based FS-IGBT, GaN Fin FS-IGBT [<xref ref-type="bibr" rid="sstad895abib27">27</xref>], conventional GaN IGBT [<xref ref-type="bibr" rid="sstad895abib28">28</xref>], and GaN CHE IGBT devices [<xref ref-type="bibr" rid="sstad895abib28">28</xref>]. The newly proposed quasi-vertical GaN RC-IGBT in this study exhibits advantages in terms of switching speed and switching losses compared to the other devices. Additionally, the fabrication of the RC-IGBT device is more feasible for wafer production, and the process complexity is lower compared to the previous devices. However, due to the influence of the quasi-vertical structure, the device also has drift regions on both sides, resulting in lower current density.</p><table-wrap id="sstad895at3" orientation="portrait" position="float"><label>Table 3.</label><caption id="sstad895atc3"><p>Different structures of IGBT devices.</p></caption><table><thead><tr><th align="left" colspan="1" rowspan="1" valign="bottom"/><th align="left" colspan="1" rowspan="1" valign="bottom">Si conc IGBT</th><th align="left" colspan="1" rowspan="1" valign="bottom">GaN Fin FS-IGBT</th><th align="left" colspan="1" rowspan="1" valign="bottom">GaN conc IGBT</th><th align="left" colspan="1" rowspan="1" valign="bottom">GaN CHE IGBT</th><th align="left" colspan="1" rowspan="1" valign="bottom">This work</th></tr></thead><tbody><tr><td align="left" colspan="1" rowspan="1" valign="top"><italic toggle="yes">V</italic><sub>th</sub>(V)</td><td align="left" colspan="1" rowspan="1" valign="top">4.8</td><td align="left" colspan="1" rowspan="1" valign="top">2.2</td><td align="left" colspan="1" rowspan="1" valign="top">3.2</td><td align="left" colspan="1" rowspan="1" valign="top">3.2</td><td align="left" colspan="1" rowspan="1" valign="top"><bold>5</bold></td></tr><tr><td align="left" colspan="1" rowspan="1" valign="top"><italic toggle="yes">I</italic><sub>ce</sub> (A cm<sup>−2</sup>)</td><td align="left" colspan="1" rowspan="1" valign="top">40 A</td><td align="left" colspan="1" rowspan="1" valign="top">155k</td><td align="left" colspan="1" rowspan="1" valign="top">7000</td><td align="left" colspan="1" rowspan="1" valign="top">8000</td><td align="left" colspan="1" rowspan="1" valign="top"><bold>4534</bold></td></tr><tr><td align="left" colspan="1" rowspan="1" valign="top">BV (V)</td><td align="left" colspan="1" rowspan="1" valign="top">1200</td><td align="left" colspan="1" rowspan="1" valign="top">1650 ND 7 <italic toggle="yes">μ</italic>m</td><td align="left" colspan="1" rowspan="1" valign="top">1450 ND 7.5 <italic toggle="yes">μ</italic>m</td><td align="left" colspan="1" rowspan="1" valign="top">1475 ND 7.5 <italic toggle="yes">μ</italic>m</td><td align="left" colspan="1" rowspan="1" valign="top"><bold>1103 ND 5 <italic toggle="yes">μ</italic>m</bold></td></tr><tr><td align="left" colspan="1" rowspan="1" valign="top">Ton (ns)</td><td align="left" colspan="1" rowspan="1" valign="top">76</td><td align="left" colspan="1" rowspan="1" valign="top">2.27</td><td align="left" colspan="1" rowspan="1" valign="top"/><td align="left" colspan="1" rowspan="1" valign="top"/><td align="left" colspan="1" rowspan="1" valign="top"><bold>3.14</bold></td></tr><tr><td align="left" colspan="1" rowspan="1" valign="top">Toff (ns)</td><td align="left" colspan="1" rowspan="1" valign="top">160</td><td align="left" colspan="1" rowspan="1" valign="top">52.98</td><td align="left" colspan="1" rowspan="1" valign="top">71.5</td><td align="left" colspan="1" rowspan="1" valign="top">41.3</td><td align="left" colspan="1" rowspan="1" valign="top"><bold>9.19</bold></td></tr><tr><td align="left" colspan="1" rowspan="1" valign="top">Eon (mJ cm<sup>−2</sup>)</td><td align="left" colspan="1" rowspan="1" valign="top">0.44 J</td><td colspan="1" rowspan="1"/><td align="left" colspan="1" rowspan="1" valign="top"/><td align="left" colspan="1" rowspan="1" valign="top"/><td align="left" colspan="1" rowspan="1" valign="top"><bold>0.438</bold></td></tr><tr><td align="left" colspan="1" rowspan="1" valign="top">Eoff (mJ cm<sup>−2</sup>)</td><td align="left" colspan="1" rowspan="1" valign="top">0.72 J</td><td colspan="1" rowspan="1"/><td align="left" colspan="1" rowspan="1" valign="top">0.829</td><td align="left" colspan="1" rowspan="1" valign="top">0.593</td><td align="left" colspan="1" rowspan="1" valign="top"><bold>9.12</bold></td></tr></tbody></table></table-wrap></sec><sec id="sstad895as3-3"><label>3.3.</label><title>Experimental fabrication process</title><p>Considering the adoption of a fully vertical IGBT device structure, there are challenges related to the activation of the underlying p-GaN layer and the high process complexity. Additionally, it has been demon- strated in literature and experiments that it is difficult to form ohmic contacts on etched p-GaN surfaces. In this work, a novel quasi-vertical GaN-based RC-IGBT device is proposed, starting from the PIN material structure. The fabrication process involves the use of MOCVD/MBE selective regrowth of n<sup>+</sup> GaN as the emitter and the reverse-conducting region of the device [<xref ref-type="bibr" rid="sstad895abib29">29</xref>]. This approach protects the surface of the p-GaN layer from etching, enabling the feasibility of wafer-level fabrication. Furthermore, the collector and emitter electrodes of the device are separated through an internal deep etching process, while the remaining steps such as gate trench etching, gate oxide growth, and electrode fabrication follow a similar process to conventional MOSFET devices. Figure <xref ref-type="fig" rid="sstad895af16">16</xref> illustrates the regrowth process during the device fabrication, which is one of the key processes in the fabrication of this device.</p><fig id="sstad895af16" orientation="portrait" position="float"><label>Figure 16.</label><caption id="sstad895afc16"><p>The process flowchart for the fabrication of the quasi-vertical GaN RC-IGBT.</p></caption><graphic content-type="print" id="sstad895af16_eps" orientation="portrait" position="float" xlink:href="sstad895af16.eps"/><graphic content-type="online" id="sstad895af16_lr" orientation="portrait" position="float" xlink:href="sstad895af16_lr.jpg"/><graphic content-type="high" id="sstad895af16_hr" orientation="portrait" position="float" xlink:href="sstad895af16_hr.jpg"/></fig></sec></sec><sec id="sstad895as4"><label>4.</label><title>Conclusion</title><p>In summary, this paper proposes a novel quasi-vertical GaN-based RC-IGBT device that demonstrates the feasibility of wafer-level fabrication. The device utilizes an NPN material structure, with the collector, emitter, and gate electrodes located on the same side of the wafer. The emitter and reverse-conducting regions are selectively regrown using MOCVD/MBE to protect the p-GaN layer from etching. Additionally, Silvaco TCAD simulations are conducted to analyze the performance of the proposed quasi-vertical device. The simulation results show that the threshold voltage of the proposed quasi-vertical RC-IGBT device is 5 V. With a gate voltage (<italic toggle="yes">V</italic><sub>g</sub>) of 14 V, the device achieves an output current density of 10 528.61 A cm<sup><bold>−</bold>2</sup> and a breakdown voltage of 1103 V. Compared to other devices, the proposed RC-IGBT exhibits nanosecond-level switching characteristics, offering faster switching speed and lower switching losses. This makes it highly advantageous and valuable in power switching applications. Moreover, due to the characteristics of GaN material, the proposed device has a smaller footprint compared to Si devices of the same specifications. Furthermore, this study investigates the latch-up phenomenon in RC-IGBT devices. Optimization is performed based on factors such as the field stop layer concentration, drift region concentration, and collector region p/n<sup>+</sup> length ratio. The results indicate that a higher concentration of the field stop layer enables the device to enter the IGBT conduction mode earlier, which is beneficial for RC-IGBT devices. While a highly doped drift region concentration improves voltage sag, it can adversely affect the breakdown characteristics of the device. The most direct improvement in voltage sag is achieved by increasing the collector region p/n<sup>+</sup> length ratio, which has minimal impact on other device characteristics.</p></sec></body><back><sec id="sstad895as5" sec-type="data-availability"><title>Data availability statement</title><p>All data that support the findings of this study are included within the article (and any supplementary files).</p></sec><ack><title>Acknowledgment</title><p>This work was supported by National Natural Science Foundation of China (No. 62188102) and the Joint Funds of the Ministry of Education of China (Grant No.8091B0421122).</p></ack><ref-list content-type="numerical"><title>References</title><ref id="sstad895abib1"><label>1</label><element-citation publication-type="journal"><person-group person-group-type="author"><name name-style="western"><surname>Napoli</surname><given-names>E</given-names></name> <name name-style="western"><surname>Spirito</surname><given-names>P</given-names></name> <name name-style="western"><surname>Strollo</surname><given-names>A</given-names></name> <name name-style="western"><surname>Frisina</surname><given-names>F</given-names></name> <name name-style="western"><surname>Fragapane</surname><given-names>L</given-names></name> <name name-style="western"><surname>Fagone</surname><given-names>D</given-names></name></person-group><year>2002</year><source>IEEE Electron. Device Lett.</source><volume>23</volume><fpage>532</fpage><lpage>4</lpage><page-range>532–4</page-range><pub-id pub-id-type="doi">10.1109/LED.2002.802590</pub-id></element-citation></ref><ref id="sstad895abib2"><label>2</label><element-citation publication-type="journal"><person-group person-group-type="author"><name name-style="western"><surname>Asif Khan</surname><given-names>M</given-names></name> <name name-style="western"><surname>Kuznia</surname><given-names>J N</given-names></name> <name name-style="western"><surname>Olson</surname><given-names>D T</given-names></name> <name name-style="western"><surname>Schaff</surname><given-names>W J</given-names></name> <name name-style="western"><surname>Burm</surname><given-names>J W</given-names></name> <name name-style="western"><surname>Shur</surname><given-names>M S</given-names></name></person-group><year>1994</year><source>Appl. Phys. Lett.</source><volume>65</volume><fpage>1121</fpage><lpage>3</lpage><page-range>1121–3</page-range><pub-id pub-id-type="doi">10.1063/1.112116</pub-id></element-citation></ref><ref id="sstad895abib3"><label>3</label><element-citation publication-type="journal"><person-group person-group-type="author"><name name-style="western"><surname>Ben-Yaacov</surname><given-names>I</given-names></name> <name name-style="western"><surname>Seck</surname><given-names>Y K</given-names></name> <name name-style="western"><surname>Mishra</surname><given-names>U K</given-names></name></person-group><year>2004</year><source>J. Appl. Phys.</source><volume>95</volume><fpage>2073</fpage><lpage>8</lpage><page-range>2073–8</page-range><pub-id pub-id-type="doi">10.1063/1.1641520</pub-id></element-citation></ref><ref id="sstad895abib4"><label>4</label><element-citation publication-type="journal"><person-group person-group-type="author"><name name-style="western"><surname>Oka</surname><given-names>T</given-names></name> <name name-style="western"><surname>Ueno</surname><given-names>Y</given-names></name> <name name-style="western"><surname>Ina</surname><given-names>T</given-names></name> <name name-style="western"><surname>Hasegawa</surname><given-names>K</given-names></name></person-group><year>2014</year><source>Appl. Phys. Express</source><volume>7</volume><elocation-id content-type="artnum">021002</elocation-id><pub-id pub-id-type="doi">10.7567/APEX.7.021002</pub-id></element-citation></ref><ref id="sstad895abib5"><label>5</label><element-citation publication-type="journal"><person-group person-group-type="author"><name name-style="western"><surname>Zhang</surname><given-names>Y</given-names></name> <name name-style="western"><surname>Sun</surname><given-names>M</given-names></name> <name name-style="western"><surname>Piedra</surname><given-names>D</given-names></name></person-group><year>2014</year><source>IEEE Electron. Device Lett.</source><volume>35</volume><fpage>618</fpage><lpage>20</lpage><page-range>618–20</page-range><pub-id pub-id-type="doi">10.1109/LED.2014.2314637</pub-id></element-citation></ref><ref id="sstad895abib6"><label>6</label><element-citation publication-type="journal"><person-group person-group-type="author"><name name-style="western"><surname>Kizilyalli</surname><given-names>I C</given-names></name> <name name-style="western"><surname>Prunty</surname><given-names>T</given-names></name> <name name-style="western"><surname>Aktas</surname><given-names>O</given-names></name></person-group><year>2015</year><source>IEEE Electron. Device Lett.</source><volume>36</volume><fpage>1073</fpage><lpage>5</lpage><page-range>1073–5</page-range><pub-id pub-id-type="doi">10.1109/LED.2015.2474817</pub-id></element-citation></ref><ref id="sstad895abib7"><label>7</label><element-citation publication-type="journal"><person-group person-group-type="author"><name name-style="western"><surname>Liu</surname><given-names>C</given-names></name> <name name-style="western"><surname>Abdul Khadar</surname><given-names>R</given-names></name> <name name-style="western"><surname>Matioli</surname><given-names>E</given-names></name></person-group><year>2018</year><source>IEEE Electron. Device Lett.</source><volume>39</volume><fpage>71</fpage><lpage>74</lpage><page-range>71–74</page-range><pub-id pub-id-type="doi">10.1109/LED.2017.2779445</pub-id></element-citation></ref><ref id="sstad895abib8"><label>8</label><element-citation publication-type="journal"><person-group person-group-type="author"><name name-style="western"><surname>Khadar</surname><given-names>R A</given-names></name> <name name-style="western"><surname>Liu</surname><given-names>C</given-names></name> <name name-style="western"><surname>Soleimanzadeh</surname><given-names>R</given-names></name> <name name-style="western"><surname>Matioli</surname><given-names>E</given-names></name></person-group><year>2019</year><source>IEEE Electron. Device Lett.</source><volume>40</volume><fpage>443</fpage><lpage>6</lpage><page-range>443–6</page-range><pub-id pub-id-type="doi">10.1109/LED.2019.2894177</pub-id></element-citation></ref><ref id="sstad895abib9"><label>9</label><element-citation publication-type="journal"><person-group person-group-type="author"><name name-style="western"><surname>Findlay</surname><given-names>E M</given-names></name> <name name-style="western"><surname>Udrea</surname><given-names>F</given-names></name></person-group><year>2019</year><source>IEEE Trans. Electron. Devices</source><volume>66</volume><fpage>219</fpage><lpage>31</lpage><page-range>219–31</page-range><pub-id pub-id-type="doi">10.1109/TED.2018.2882687</pub-id></element-citation></ref><ref id="sstad895abib10"><label>10</label><element-citation publication-type="book"><person-group person-group-type="author"><name name-style="western"><surname>Mohan</surname><given-names>N</given-names></name> <name name-style="western"><surname>Undeland</surname><given-names>T M</given-names></name> <name name-style="western"><surname>Robbins</surname><given-names>W P</given-names></name></person-group><year>1995</year><source>Power Electronics, Converters Applications and Design</source><publisher-name>Beijing Higher Education Publishing Company</publisher-name></element-citation></ref><ref id="sstad895abib11"><label>11</label><element-citation publication-type="journal"><person-group person-group-type="author"><name name-style="western"><surname>Neugebauer</surname><given-names>J</given-names></name> <name name-style="western"><surname>Van de Walle</surname><given-names>C G</given-names></name></person-group><year>1996</year><source>Appl. Phys. Lett.</source><volume>68</volume><fpage>1829</fpage><lpage>31</lpage><page-range>1829–31</page-range><pub-id pub-id-type="doi">10.1063/1.116027</pub-id></element-citation></ref><ref id="sstad895abib12"><label>12</label><element-citation publication-type="journal"><person-group person-group-type="author"><name name-style="western"><surname>Niwa</surname><given-names>T</given-names></name> <name name-style="western"><surname>Fujii</surname><given-names>T</given-names></name> <name name-style="western"><surname>Oka</surname><given-names>T</given-names></name></person-group><year>2017</year><source>Appl. Phys. Express</source><volume>10</volume><elocation-id content-type="artnum">091002</elocation-id><pub-id pub-id-type="doi">10.7567/APEX.10.091002</pub-id></element-citation></ref><ref id="sstad895abib13"><label>13</label><element-citation publication-type="journal"><person-group person-group-type="author"><name name-style="western"><surname>Rong</surname><given-names>B</given-names></name> <name name-style="western"><surname>Cheung</surname><given-names>R</given-names></name> <name name-style="western"><surname>Gao</surname><given-names>W</given-names></name> <name name-style="western"><surname>Alkaisi</surname><given-names>M M</given-names></name> <name name-style="western"><surname>Reeves</surname><given-names>R J</given-names></name></person-group><year>2000</year><source>J. Vac. Sci. Technol. <named-content content-type="jnl-part">B</named-content></source><volume>18</volume><fpage>3467</fpage><lpage>70</lpage><page-range>3467–70</page-range><pub-id pub-id-type="doi">10.1116/1.1320799</pub-id></element-citation></ref><ref id="sstad895abib14"><label>14</label><element-citation publication-type="journal"><person-group person-group-type="author"><name name-style="western"><surname>Ma</surname><given-names>Y</given-names></name> <name name-style="western"><surname>Xiao</surname><given-names>M</given-names></name> <name name-style="western"><surname>Du</surname><given-names>Z</given-names></name> <name name-style="western"><surname>Wang</surname><given-names>L</given-names></name> <name name-style="western"><surname>Carlson</surname><given-names>E</given-names></name> <name name-style="western"><surname>Guido</surname><given-names>L</given-names></name> <name name-style="western"><surname>Wang</surname><given-names>H</given-names></name> <name name-style="western"><surname>Wang</surname><given-names>L</given-names></name> <name name-style="western"><surname>Luo</surname><given-names>Y</given-names></name> <name name-style="western"><surname>Zhang</surname><given-names>Y</given-names></name></person-group><year>2022</year><source>IEEE Trans. Electron. Devices</source><volume>69</volume><fpage>4224</fpage><lpage>30</lpage><page-range>4224–30</page-range><pub-id pub-id-type="doi">10.1109/TED.2022.3186652</pub-id></element-citation></ref><ref id="sstad895abib15"><label>15</label><element-citation publication-type="journal"><person-group person-group-type="author"><name name-style="western"><surname>Li</surname><given-names>W</given-names></name> <name name-style="western"><surname>Nomoto</surname><given-names>K</given-names></name> <name name-style="western"><surname>Lee</surname><given-names>K</given-names></name></person-group><year>2018</year><source>Appl. Phys. Lett.</source><volume>113</volume><elocation-id content-type="artnum">062105</elocation-id><pub-id pub-id-type="doi">10.1063/1.5041879</pub-id></element-citation></ref><ref id="sstad895abib16"><label>16</label><element-citation publication-type="journal"><person-group person-group-type="author"><name name-style="western"><surname>Nakamura</surname><given-names>S</given-names></name> <name name-style="western"><surname>Mukai</surname><given-names>T</given-names></name> <name name-style="western"><surname>Senoh</surname><given-names>M S M</given-names></name></person-group><year>1992</year><source>Jpn. J. Appl. Phys.</source><volume>31</volume><fpage>139</fpage><lpage>42</lpage><page-range>139–42</page-range><pub-id pub-id-type="doi">10.1143/JJAP.31.L139</pub-id></element-citation></ref><ref id="sstad895abib17"><label>17</label><element-citation publication-type="journal"><person-group person-group-type="author"><name name-style="western"><surname>Hirukawa</surname><given-names>K</given-names></name> <name name-style="western"><surname>Kensuke</surname><given-names>S</given-names></name> <name name-style="western"><surname>Hideki</surname><given-names>S</given-names></name></person-group><year>2021</year><source>Appl. Phys. Express</source><volume>14</volume><elocation-id content-type="artnum">056501</elocation-id><pub-id pub-id-type="doi">10.35848/1882-0786/abf4f3</pub-id></element-citation></ref><ref id="sstad895abib18"><label>18</label><element-citation publication-type="journal"><person-group person-group-type="author"><name name-style="western"><surname>Sakurai</surname><given-names>H</given-names></name><etal>et al</etal></person-group><year>2019</year><source>Appl. Phys. Lett.</source><volume>115</volume><elocation-id content-type="artnum">142104</elocation-id><pub-id pub-id-type="doi">10.1063/1.5116866</pub-id></element-citation></ref><ref id="sstad895abib19"><label>19</label><element-citation publication-type="journal"><person-group person-group-type="author"><name name-style="western"><surname>Jia</surname><given-names>F</given-names></name><etal>et al</etal></person-group><year>2022</year><source>IEEE Electron. Device Lett.</source><volume>43</volume><fpage>1400</fpage><lpage>3</lpage><page-range>1400–3</page-range><pub-id pub-id-type="doi">10.1109/LED.2022.3195263</pub-id></element-citation></ref><ref id="sstad895abib20"><label>20</label><element-citation publication-type="journal"><person-group person-group-type="author"><name name-style="western"><surname>Kwang-Hoon</surname><given-names>O</given-names></name> <name name-style="western"><surname>Jaegil</surname><given-names>L</given-names></name> <name name-style="western"><surname>Kyu-Hyun</surname><given-names>L</given-names></name> <name name-style="western"><surname>Young Chul</surname><given-names>K</given-names></name> <name name-style="western"><surname>Chongman</surname><given-names>Y</given-names></name></person-group><year>2006</year><source>IEEE Trans. Electron. Devices</source><volume>53</volume><fpage>884</fpage><lpage>90</lpage><page-range>884–90</page-range><pub-id pub-id-type="doi">10.1109/TED.2006.870278</pub-id></element-citation></ref><ref id="sstad895abib21"><label>21</label><element-citation publication-type="other"><person-group person-group-type="author"><collab>SILVACO, Inc</collab></person-group><year>2018</year><article-title>Atlas user’s manual</article-title><fpage>148</fpage><lpage>300</lpage><page-range>148–300</page-range></element-citation></ref><ref id="sstad895abib22"><label>22</label><element-citation publication-type="journal"><person-group person-group-type="author"><name name-style="western"><surname>Xu</surname><given-names>X</given-names></name> <name name-style="western"><surname>Chen</surname><given-names>Z</given-names></name></person-group><year>2019</year><source>IEEE Electron. Device Lett.</source><volume>40</volume><fpage>757</fpage><lpage>60</lpage><page-range>757–60</page-range><pub-id pub-id-type="doi">10.1109/LED.2019.2905145</pub-id></element-citation></ref><ref id="sstad895abib23"><label>23</label><element-citation publication-type="journal"><person-group person-group-type="author"><name name-style="western"><surname>Vemulapati</surname><given-names>U</given-names></name> <name name-style="western"><surname>Kaminski</surname><given-names>N</given-names></name> <name name-style="western"><surname>Silber</surname><given-names>D</given-names></name> <name name-style="western"><surname>Storasta</surname><given-names>L</given-names></name> <name name-style="western"><surname>Rahimo</surname><given-names>M T A</given-names></name></person-group><year>2014</year><source>IET Circuits Devices Syst.</source><volume>8</volume><fpage>168</fpage><lpage>75</lpage><page-range>168–75</page-range><pub-id pub-id-type="doi">10.1049/iet-cds.2013.0222</pub-id></element-citation></ref><ref id="sstad895abib24"><label>24</label><element-citation publication-type="confproc"><person-group person-group-type="author"><name name-style="western"><surname>Wang</surname><given-names>C</given-names></name> <name name-style="western"><surname>Cao</surname><given-names>R</given-names></name> <name name-style="western"><surname>Yang</surname><given-names>W</given-names></name> <name name-style="western"><surname>Tian</surname><given-names>Q</given-names></name></person-group><year>2019</year><conf-name>2019 IEEE Int. Conf. on Electron Devices and Solid-State Circuits (EDSSC)</conf-name><fpage>1</fpage><lpage>3</lpage><page-range>1–3</page-range></element-citation></ref><ref id="sstad895abib25"><label>25</label><element-citation publication-type="confproc"><person-group person-group-type="author"><name name-style="western"><surname>Faramehr</surname><given-names>S</given-names></name> <name name-style="western"><surname>Igić</surname><given-names>P</given-names></name></person-group><year>2017</year><conf-name>2017 IEEE 30th Int. Conf. on Microelectronics (MIEL)</conf-name><fpage>75</fpage><lpage>78</lpage><page-range>75–78</page-range></element-citation></ref><ref id="sstad895abib26"><label>26</label><element-citation publication-type="journal"><person-group person-group-type="author"><name name-style="western"><surname>Ji</surname><given-names>D</given-names></name> <name name-style="western"><surname>Li</surname><given-names>W</given-names></name> <name name-style="western"><surname>Chowdhury</surname><given-names>S</given-names></name></person-group><year>2018</year><source>IEEE Trans. Electron. Devices</source><volume>65</volume><fpage>4271</fpage><lpage>5</lpage><page-range>4271–5</page-range><pub-id pub-id-type="doi">10.1109/TED.2018.2864260</pub-id></element-citation></ref><ref id="sstad895abib27"><label>27</label><element-citation publication-type="journal"><person-group person-group-type="author"><name name-style="western"><surname>Wang</surname><given-names>K</given-names></name> <name name-style="western"><surname>Shangguan</surname><given-names>S F</given-names></name> <name name-style="western"><surname>Zhang</surname><given-names>P</given-names></name> <name name-style="western"><surname>Liu</surname><given-names>S</given-names></name> <name name-style="western"><surname>Li</surname><given-names>M D</given-names></name> <name name-style="western"><surname>Ma</surname><given-names>X H</given-names></name> <name name-style="western"><surname>Hao</surname><given-names>Y</given-names></name></person-group><year>2022</year><source>Semicond. Sci. Technol.</source><volume>37</volume><elocation-id content-type="artnum">095019</elocation-id><pub-id pub-id-type="doi">10.1088/1361-6641/ac81e5</pub-id></element-citation></ref><ref id="sstad895abib28"><label>28</label><element-citation publication-type="journal"><person-group person-group-type="author"><name name-style="western"><surname>Huang</surname><given-names>Y</given-names></name> <name name-style="western"><surname>Li</surname><given-names>Y</given-names></name> <name name-style="western"><surname>Gao</surname><given-names>S</given-names></name></person-group><year>2024</year><source>J. China Univ. Posts Telecommun.</source><volume>31</volume><fpage>10</fpage><lpage>16</lpage><page-range>10–16</page-range><pub-id pub-id-type="doi">10.19682/j.cnki.1005-8885.2024.0012 }</pub-id></element-citation></ref><ref id="sstad895abib29"><label>29</label><element-citation publication-type="journal"><person-group person-group-type="author"><name name-style="western"><surname>Çakmak</surname><given-names>H</given-names></name> <name name-style="western"><surname>Öztürk</surname><given-names>M</given-names></name> <name name-style="western"><surname>Özbay</surname><given-names>E</given-names></name></person-group><year>2021</year><source>IEEE Trans. Electron. Devices</source><volume>68</volume><fpage>1006</fpage><lpage>10</lpage><page-range>1006–10</page-range><pub-id pub-id-type="doi">10.1109/TED.2021.3050740</pub-id></element-citation></ref></ref-list></back></article>